{
  "accuracy": 0.4993757802746567,
  "precision": 0.49482596425211667,
  "recall": 0.4412751677852349,
  "f1": 0.46651884700665186
}